email,full_name,phone_no,password,created_dt
mtwoohy0@vk.com,Marwin Twoohy,411-155-0507,mtwoohy0,20/5/2020 20:23
lcarding1@slideshare.net,Lea Carding,671-290-5435,lcarding1,1/10/2020 22:34
blarwood2@example.com,Brandy Larwood,774-253-4303,blarwood2,24/10/2020 9:17
tlongrigg3@wired.com,Tonye Longrigg,944-993-4845,tlongrigg3,1/10/2020 16:04
pfeares4@msn.com,Porty Feares,479-961-2894,pfeares4,3/5/2020 4:19
smerrikin5@goo.ne.jp,Shelton Merrikin,846-166-8163,smerrikin5,18/1/2020 5:47
kkennford6@deliciousdays.com,Kennith Kennford,722-513-3152,kkennford6,4/10/2020 15:59
asambrook7@de.vu,Avis Sambrook,952-559-7888,asambrook7,12/1/2020 12:19
lbuyers8@home.pl,Letisha Buyers,798-880-6910,lbuyers8,23/5/2020 14:05
cweepers9@freewebs.com,Cece Weepers,216-905-4415,cweepers9,13/3/2020 5:20
jthewsa@istockphoto.com,Jackie Thews,811-808-1447,jthewsa,11/6/2020 4:20
ncoulstonb@ask.com,Neale Coulston,548-373-5201,ncoulstonb,20/8/2020 13:14
medgecumbec@ox.ac.uk,Merola Edgecumbe,559-430-5277,medgecumbec,5/7/2020 22:47
tsilbertd@theguardian.com,Tommy Silbert,689-841-7368,tsilbertd,25/10/2020 20:38
ceyame@cbsnews.com,Chlo Eyam,336-694-0845,ceyame,21/11/2019 9:34
rpreslandf@sbwire.com,Rodolphe Presland,650-511-4782,rpreslandf,14/9/2020 10:40
melving@abc.net.au,Marilin Elvin,749-247-3847,melving,11/11/2020 14:28
hhapperh@bigcartel.com,Hymie Happer,685-453-3267,hhapperh,11/5/2020 12:28
sasquezi@guardian.co.uk,Sidoney Asquez,757-856-2338,sasquezi,29/5/2020 15:31
aflannerj@shinystat.com,Avictor Flanner,879-629-3187,aflannerj,9/9/2020 13:44
